{"confSet":{"article":"温湿度标签","barCode":"6920523300545","company":"美佳音","confId":"7b01786c-1e61-4889-abdf-f765ae2b8479","configBy":"Jack","deliveryTime":"1542012240","frequency":15,"humLowLimit":30,"humNeed":1,"humUpLimit":90,"labelId":"1","remark":"","shipTo":"珠海","shippingAddr":"珠海","startDelay":0,"temLowLimit":-10,"temUpLimit":35,"token":"opjacv1442291170","username":"13433444433"},"hums":[],"recordSet":{"appVersion":"3.1.1","batchtime":"1542012373","confId":"7b01786c-1e61-4889-abdf-f765ae2b8479","cumHumMax":0,"cumHumMin":0,"cumTemMax":0,"cumTemMin":0,"dumpEnergy":2.9,"endDate":"1541804953","flashCapacity":2000,"frameCapacity":248,"hardwareVersion":"3.11","humMax":50.0,"humMin":45.0,"humTime":4005,"isover":0,"labelId":"1","labelType":"BLE","latitude":22.287408000,"length":267,"longitude":113.493929000,"remoteFirmware":"V3.4.0","startDate":"1542044353","stcFirmware":"3.13","tempMax":27.4,"tempMin":26.0,"token":"opjacv1442291170","transmitVelocity":96,"uploadAddr":"广东省珠海市香洲区华威路115号靠近珠海威瀚电力技术培训中心","uptime":"1542012373","username":"13433444433","workStatus":"3"},"temps":[],"username":"13433444433"}