{"confSet":{"article":"珠海市","barCode":"9787121321580","company":"珠海","confId":"3e15d781-0898-45dc-9e15-03f3f0d1acb2","configBy":"Jack","deliveryTime":"1542593520","frequency":10,"humLowLimit":30,"humNeed":1,"humUpLimit":90,"labelId":"1","remark":"","shipTo":"广州","shippingAddr":"珠海","startDelay":0,"temLowLimit":-10,"temUpLimit":35,"token":"opjacv1442291170","username":"13433444433"},"hums":[],"recordSet":{"appVersion":"3.1.1","batchtime":"1542593647","confId":"3e15d781-0898-45dc-9e15-03f3f0d1acb2","cumHumMax":0,"cumHumMin":0,"cumTemMax":0,"cumTemMin":0,"dumpEnergy":2.9,"endDate":"1542600247","flashCapacity":2000,"frameCapacity":248,"hardwareVersion":"3.11","humMax":53.0,"humMin":47.0,"humTime":2990,"isover":0,"labelId":"1","labelType":"BLE","latitude":22.287354000,"length":299,"longitude":113.493878000,"remoteFirmware":"V3.4.0","startDate":"1542612847","stcFirmware":"3.13","tempMax":27.0,"tempMin":24.9,"token":"opjacv1442291170","transmitVelocity":96,"uploadAddr":"广东省珠海市香洲区华威路115号靠近珠海威瀚电力技术培训中心","uptime":"1542593647","username":"13433444433","workStatus":"3"},"temps":[],"username":"13433444433"}