{"confSet":{"article":"对那些你回到家jxjdjjd","barCode":"6920523300545","company":"觉得好的好的","confId":"d4259e7f-ac0e-4b6f-b3e9-6ef35d2333c8","configBy":"hrllo","deliveryTime":"1538187060","frequency":1,"humLowLimit":30,"humNeed":1,"humUpLimit":90,"labelId":"88497","remark":"jdjxjcjjjjxjxjdkdjdjjfjdjfjfn","shipTo":"hxjxjdjkjdjdjd","shippingAddr":"kxkkdjdjdn","startDelay":0,"temLowLimit":-10,"temUpLimit":35,"token":"opjacv1442291170","username":"13433444433"},"hums":[],"recordSet":{"appVersion":"3.1.1","batchtime":"1538187106","confId":"d4259e7f-ac0e-4b6f-b3e9-6ef35d2333c8","cumHumMax":0,"cumHumMin":0,"cumTemMax":0,"cumTemMin":0,"dumpEnergy":3.0,"endDate":"1539671806","flashCapacity":1994,"frameCapacity":8,"hardwareVersion":"1.2","humMax":84.0,"humMin":-2.14538445E9,"humTime":24745,"isover":0,"labelId":"88497","labelType":"NFC","latitude":0.0,"length":24745,"longitude":0.0,"remoteFirmware":"TypeA2.7","startDate":"1540042606","stcFirmware":"3.4","tempMax":33.7,"tempMin":21.3,"token":"opjacv1442291170","transmitVelocity":106,"uploadAddr":"暂无","uptime":"1538187106","username":"13433444433","workStatus":"3"},"temps":[],"username":"13433444433"}