{"confSet":{"article":"","barCode":"110020425","company":"","confId":"8b7b9f81-e336-4c99-9be5-e2afc8228b10","configBy":"","frequency":1,"humLowLimit":30,"humNeed":1,"humUpLimit":90,"labelId":"88501","remark":"","shipTo":"","shippingAddr":"","startDelay":0,"temLowLimit":-10,"temUpLimit":35,"token":"opjacv1442291170","username":"13433444433"},"hums":[64,65,64,64,63,61,62,61,62,64,65,66],"recordSet":{"appVersion":"3.1.1","batchtime":"1539242199","confId":"8b7b9f81-e336-4c99-9be5-e2afc8228b10","cumHumMax":0,"cumHumMin":0,"cumTemMax":0,"cumTemMin":0,"dumpEnergy":3.1,"endDate":"1539672519","flashCapacity":1994,"frameCapacity":8,"hardwareVersion":"1.2","humMax":85.0,"humMin":121.0,"humTime":7172,"isover":0,"labelId":"88501","labelType":"NFC","latitude":0.0,"length":7172,"longitude":0.0,"remoteFirmware":"TypeA2.7","startDate":"1539671799","stcFirmware":"3.4","tempMax":34.1,"tempMin":21.1,"token":"opjacv1442291170","transmitVelocity":106,"uploadAddr":"暂无","uptime":"1539242199","username":"13433444433","workStatus":"3"},"temps":[27.8,27.7,27.6,27.6,27.5,27.5,27.4,27.4,27.4,27.4,27.4,27.4],"username":"13433444433"}