{"confSet":{"article":"","barCode":"110020425","company":"","confId":"fe63e2b0-5ee3-4cd0-9293-5dded1e3b5a4","configBy":"","frequency":15,"humLowLimit":30,"humNeed":1,"humUpLimit":90,"labelId":"89223","remark":"","shipTo":"","shippingAddr":"","startDelay":0,"temLowLimit":-10,"temUpLimit":35,"token":"opjacv1442291170","username":"13433444433"},"hums":[],"recordSet":{"appVersion":"3.1.1","batchtime":"1536724056","confId":"fe63e2b0-5ee3-4cd0-9293-5dded1e3b5a4","cumHumMax":0,"cumHumMin":0,"cumTemMax":0,"cumTemMin":0,"dumpEnergy":3.1,"endDate":"1534571196","flashCapacity":1994,"frameCapacity":8,"hardwareVersion":"1.2","humMax":83.0,"humMin":35.0,"humTime":49155,"isover":0,"labelId":"89223","labelType":"NFC","latitude":0.0,"length":3277,"longitude":0.0,"remoteFirmware":"TypeA2.7","startDate":"1537088496","stcFirmware":"3.4","tempMax":33.1,"tempMin":20.9,"token":"opjacv1442291170","transmitVelocity":106,"uploadAddr":"暂无","uptime":"1536724056","username":"13433444433","workStatus":"3"},"temps":[],"username":"13433444433"}